<plugin_manifest xmlns="http://www.elgg.org/plugin_manifest/1.8">
	<name>GC Registration</name>
	<author>Ilia Salem</author>
	<version>1.8.16</version>
	<category>enhancement</category>
	<blurb>GC Registration Elgg plugin</blurb>
	<description>Usernames generated from email</description>
	<requires>
		<type>elgg_release</type>
		<version>1.8</version>
	</requires>
	<requires>
		<type>plugin</type>
		<name>c_email_extensions</name>
	</requires>
	<requires>
		<type>priority</type>
		<priority>after</priority>
		<plugin>c_email_extensions</plugin>
	</requires>
</plugin_manifest>