<?xml version="1.0" encoding="UTF-8"?>
<plugin_manifest xmlns="http://www.elgg.org/plugin_manifest/1.8">
	<name>AU Sub-Groups</name>
	<author>Matt Beckett</author>
	<version>1.5</version>
	<description>Allows creation of groups within groups</description>
	<website>https://landing.athabascau.ca</website>
	<copyright>(C) Athabasca University, 2012</copyright>
	<license>GNU Public License version 2</license>
 
	<!-- All plugins must require either elgg_version or elgg_release. -->
	<requires>
		<type>elgg_release</type>
		<version>1.8.9</version>
	</requires>
  
  <requires>
    <type>plugin</type>
    <name>groups</name>
  </requires>
  
  <requires>
    <type>priority</type>
    <plugin>groups</plugin>
    <priority>after</priority>
  </requires>
  
  <suggests>
    <type>plugin</type>
    <name>group_tools</name>
  </suggests>
  
  <requires>
    <type>priority</type>
    <plugin>group_tools</plugin>
    <priority>after</priority>
  </requires>
  
  <screenshot>
    <description>Group pages have a link to view subgroups of that group</description>
    <path>graphics/subgroups1.png</path>
  </screenshot>
  
  <screenshot>
    <description>List of subgroups</description>
    <path>graphics/subgroups2.png</path>
  </screenshot>
  
  <screenshot>
    <description>Subgroups can have visibility as permissive as the parent, with the option of 'members of the parent group'</description>
    <path>graphics/subgroups3.png</path>
  </screenshot>
  
  <screenshot>
    <description>Widget and group module for listing subgroups</description>
    <path>graphics/subgroups4.png</path>
  </screenshot>
  
	<category>Site Admin</category>
</plugin_manifest>
