<?xml version="1.0" encoding="UTF-8"?>
<plugin_manifest xmlns="http://www.elgg.org/plugin_manifest/1.8">
	<name>Did you know?</name>
	<author>mobabur94</author>
	<version>1.0</version>
	<blurb>"Did you know?" sidebar module with random info.</blurb>
	<description>"Did you know?" sidebar module with random information. Supports the groups and event calendar plugins.</description>
	<category>enhancements</category>
	<screenshot>
		<description>Sidebar Module</description>
		<path>screenshots/1.png</path>
	</screenshot>
	<screenshot>
		<description>Admin Panel</description>
		<path>screenshots/2.png</path>
	</screenshot>
	<copyright>2013</copyright>
	<license>GNU Public License version 2</license>
	<requires>
		<type>elgg_release</type>
		<version>1.8</version>
	</requires>
	<suggests>
		<type>plugin</type>
		<name>event_calendar</name>
	</suggests>
	<suggests>
		<type>plugin</type>
		<name>groups</name>
	</suggests>
</plugin_manifest>