<?xml version="1.0" encoding="UTF-8"?>
<plugin_manifest xmlns="http://www.elgg.org/plugin_manifest/1.8">
	<name>hypeFramework</name>
	<author>Ismayil Khayredinov (ismayil.khayredinov@gmail.com)</author>
	<version>1.9.0.7</version>
	<category>hypeJunction</category>
	<blurb>hypeJunction Framework</blurb>
	<description>hypeJunction Plugin Framework provides generic classes, views, actions and interfaces.</description>
	<website>http://hypeJunction.com</website>
	<copyright>See lisence.txt</copyright>
	<license>GNU Public License version 2</license>
	<requires>
		<type>elgg_version</type>
		<release>1.8</release>
	</requires>
</plugin_manifest>
