<?xml version="1.0" encoding="UTF-8"?>
<plugin_manifest xmlns="http://www.elgg.org/plugin_manifest/1.8">
	<name>Sensitive Information Notice</name>
	<author>Christine Yu</author>
	<version>1.8</version>
	<category>bundled</category>
	<blurb>Xtra plugin</blurb>
	<description>Simple adds a message</description>
	<website>internalfire5@live.com</website>
	<copyright>See COPYRIGHT.txt</copyright>
	<license>GNU General Public License version 2</license>
	<requires>
		<type>elgg_release</type>
		<version>1.8</version>
	</requires>
	<activate_on_install>true</activate_on_install>
</plugin_manifest>
