<?xml version="1.0" encoding="UTF-8"?>
<plugin_manifest xmlns="http://www.elgg.org/plugin_manifest/1.8">
	<name>Extended TinyMCE</name>
        <author>iionly / Core developers / Moxiecode Systems AB</author>
	<version>3.5.7 r18</version>
	<category>non-bundled</category>
	<category>enhancement</category>
	<description>Extended TinyMCE plugin based on the core TinyMCE plugin.</description>
	<website>https://github.com/iionly</website>
	<copyright>(C) iionly 2012, (C) Curverider 2008-2012, (C) 2003-2012 Moxiecode Systems AB.</copyright>
        <license>GNU General Public License version 2</license>
        <requires>
                <type>elgg_release</type>
                <version>1.8</version>
        </requires>
        <conflicts>
                <type>plugin</type>
                <name>tinymce</name>
        </conflicts>
</plugin_manifest>
