<?xml version="1.0" encoding="UTF-8"?>
<plugin_manifest xmlns="http://www.elgg.org/plugin_manifest/1.8">
    <name>hypeForum</name>
    <author>Ismayil Khayredinov (ismayil.khayredinov@gmail.com)</author>
	<category>hypeJunction</category>
	<category>discussions</category>
	<version>1.9.0.7</version>
    <description>Forum Functionality for Elgg</description>
    <website>http://hypeJunction.com</website>
    <copyright>See lisence.txt</copyright>
    <license>GNU Public License version 2</license>
    <requires>
        <type>elgg_release</type>
        <version>1.8</version>
    </requires>
    <requires>
        <type>plugin</type>
        <name>hypeFramework</name>
        <version>1.9</version>
		<priority>after</priority>
    </requires>
</plugin_manifest>
