<?xml version="1.0" encoding="UTF-8"?>
<plugin_manifest xmlns="http://www.elgg.org/plugin_manifest/1.8">
	<name>Group Tools</name>
	<author>ColdTrick IT Solutions</author>
	<version>2.9.1</version>
	<description>Combines different group additions into one plugin.</description>
	<website>http://www.coldtrick.com/</website>
	<repository>https://github.com/ColdTrick/group_tools</repository>
	<bugtracker>https://github.com/ColdTrick/group_tools/issues</bugtracker>
	<copyright>(C) ColdTrick IT Solutions 2011 - 2013</copyright>
	<license>GNU General Public License version 2</license>
 	
 	<requires>
		<type>elgg_release</type>
		<version>1.8.15</version>
	</requires>
	
	<requires>
		<type>plugin</type>
		<name>groups</name>
	</requires>
	<requires>
		<type>priority</type>
		<plugin>groups</plugin>
		<priority>after</priority>
	</requires>
	
	<suggests>
		<type>plugin</type>
		<name>widget_manager</name>
		<version>4.0</version>
	</suggests>
	
	<suggests>
		<type>plugin</type>
		<name>html_email_handler</name>
		<version>2.0</version>
	</suggests>
	
	<category>ColdTrick</category>
</plugin_manifest>