<?xml version="1.0" encoding="UTF-8"?>
<plugin_manifest xmlns="http://www.elgg.org/plugin_manifest/1.8">
	<name>Event Calendar iCal</name>
	<author>Matt Beckett</author>
	<version>1.3</version>
	<description>Import/Export of events via iCal</description>
	<website>https://landing.athabascau.ca</website>
	<copyright>(C) Matt Beckett 2012</copyright>
	<license>GNU Public License version 2</license>
	
	<requires>
		<type>elgg_release</type>
		<version>1.8</version>
	</requires>
	
	<requires>
		<type>plugin</type>
		<name>event_calendar</name>
	</requires>

	<requires>
		<type>priority</type>
		<plugin>event_calendar</plugin>
		<priority>after</priority>
	</requires>

	<screenshot>
		<path>images/screenshot1.png</path>
	</screenshot>
	<screenshot>
		<path>images/screenshot2.png</path>
	</screenshot>
	<screenshot>
		<path>images/screenshot3.png</path>
	</screenshot>
	<screenshot>
		<path>images/screenshot4.png</path>
	</screenshot>
</plugin_manifest>