<?xml version="1.0" encoding="UTF-8"?>
<plugin_manifest xmlns="http://www.elgg.org/plugin_manifest/1.8">
	<name>Croncheck</name>
	<author>ColdTrick IT Solutions</author>
	<version>2.0.1</version>
	<description>Shows Cron Info in site administration</description>
	<website>http://www.coldtrick.com/</website>
	<copyright>(C) ColdTrick IT Solutions 2009 - 2011</copyright>
	<license>GNU Public License version 2</license>
	
	<requires>
		<type>elgg_version</type>
		<version>2011061200</version>
	</requires>
	
 	<category>ColdTrick</category>
</plugin_manifest>