<?xml version="1.0" encoding="UTF-8"?>
<plugin_manifest xmlns="http://www.elgg.org/plugin_manifest/1.8">
	<name>Module dump</name>
	<author>Christine Yu</author>
	<version>1.8</version>
	<category>bundled</category>
	<category>communication</category>
	<description>Contains all the little enhancements and fixes to the system without having to modify core module</description>
	<website>http://www.elgg.org/</website>
	<copyright>See COPYRIGHT.txt</copyright>
	<license>GNU General Public License version 2</license>
	<requires>
		<type>elgg_release</type>
		<version>1.8</version>
	</requires>
</plugin_manifest>
